Louvenia,Gleichner,riley@green.io,(669) 406-4474 x14873,2016-11-24 13:43:39 -0600
Sylvester,Leffler,katrina@thompsonmaggio.biz,499.846.1253,2016-11-24 13:43:39 -0600
Golda,Zboncak,daisha@borer.net,(241) 303-0410 x95476,2016-11-24 13:43:39 -0600
Nash,McGlynn,diego@jerde.co,880-530-2013 x037,2016-11-24 13:43:39 -0600
Leopold,Kuvalis,brandon@jacobs.com,(464) 911-5166 x47077,2016-11-24 13:43:39 -0600
Alice,Brekke,greyson@grahamstiedemann.co,(760) 552-2266 x92350,2016-11-24 13:43:39 -0600
Katrina,Grimes,rosalyn_bauch@schiller.com,942-667-8449 x76293,2016-11-24 13:43:39 -0600
Casper,Lynch,stanley_white@grimes.org,(498) 185-7779,2016-11-24 13:43:39 -0600
Garfield,Hegmann,kariane.feil@vonrueden.io,108-843-2496 x30712,2016-11-24 13:43:39 -0600
Kaleb,Schmidt,bernice_fay@trompward.io,1-566-258-2072 x686,2016-11-24 13:43:39 -0600
Hipolito,Bruen,mabel@kilback.io,799.749.8535 x77406,2016-11-24 13:43:39 -0600
Clara,Wiza,claria_hermiston@crooksvonrueden.co,1-872-805-6764 x0298,2016-11-24 13:43:39 -0600
Damion,Emmerich,jordane@schummwuckert.org,950-442-7972 x5837,2016-11-24 13:43:39 -0600
Autumn,Maggio,eloisa.schneider@ratke.co,(851) 430-1601,2016-11-24 13:43:39 -0600
Madaline,Crooks,myrl.barton@zboncak.io,549.791.7099,2016-11-24 13:43:39 -0600
Nellie,Koss,cleve@oconner.io,465-252-0356 x9876,2016-11-24 13:43:39 -0600
Ilene,Tremblay,heidi.ruecker@west.com,(919) 915-4783,2016-11-24 13:43:39 -0600
Tatyana,Heller,chase.schinner@macgyver.info,1-780-056-0273 x113,2016-11-24 13:43:39 -0600
Alessandra,Kohler,brycen.schinner@zemlakrogahn.io,1-134-416-4488 x334,2016-11-24 13:43:39 -0600
Shanon,Flatley,kieran_hilll@turcotte.name,1-135-491-3610 x6217,2016-11-24 13:43:39 -0600
